season,footywire_player,player_team,lookup,player_name
2013,Nathan Van Berlo,Adelaide,2013Nathan Van BerloAdelaide,Nathan van Berlo
2013,Mitchell Grigg,Adelaide,2013Mitchell GriggAdelaide,Mitch Grigg
2013,David MacKay,Adelaide,2013David MacKayAdelaide,David Mackay
2014,Cameron E-Yolmen,Adelaide,2014Cameron E-YolmenAdelaide,Cam Ellis-Yolmen
2014,Mitchell Grigg,Adelaide,2014Mitchell GriggAdelaide,Mitch Grigg
2014,David MacKay,Adelaide,2014David MacKayAdelaide,David Mackay
2015,Nathan Van Berlo,Adelaide,2015Nathan Van BerloAdelaide,Nathan van Berlo
2015,Cameron E-Yolmen,Adelaide,2015Cameron E-YolmenAdelaide,Cam Ellis-Yolmen
2015,Mitchell Grigg,Adelaide,2015Mitchell GriggAdelaide,Mitch Grigg
2015,David MacKay,Adelaide,2015David MacKayAdelaide,David Mackay
2016,Nathan Van Berlo,Adelaide,2016Nathan Van BerloAdelaide,Nathan van Berlo
2016,Cameron E-Yolmen,Adelaide,2016Cameron E-YolmenAdelaide,Cam Ellis-Yolmen
2016,David MacKay,Adelaide,2016David MacKayAdelaide,David Mackay
2016,Reilly O'Brien,Adelaide,2016Reilly O'BrienAdelaide,Reilly OBrien
2017,David MacKay,Adelaide,2017David MacKayAdelaide,David Mackay
2018,Cameron E-Yolmen,Adelaide,2018Cameron E-YolmenAdelaide,Cam Ellis-Yolmen
2018,David MacKay,Adelaide,2018David MacKayAdelaide,David Mackay
2019,Cameron E-Yolmen,Adelaide,2019Cameron E-YolmenAdelaide,Cam Ellis-Yolmen
2019,David MacKay,Adelaide,2019David MacKayAdelaide,David Mackay
2019,Reilly O'Brien,Adelaide,2019Reilly O'BrienAdelaide,Reilly OBrien
2020,David MacKay,Adelaide,2020David MacKayAdelaide,David Mackay
2021,David MacKay,Adelaide,2021David MacKayAdelaide,David Mackay
2013,Mitchell Golby,Brisbane Lions,2013Mitchell GolbyBrisbane Lions,Mitch Golby
2013,Joshua Green,Brisbane Lions,2013Joshua GreenBrisbane Lions,Josh Green
2013,Matthew Maguire,Brisbane Lions,2013Matthew MaguireBrisbane Lions,Matt Maguire
2013,Nial McKeever,Brisbane Lions,2013Nial McKeeverBrisbane Lions,Niall McKeever
2013,Jesse O'Brien,Brisbane Lions,2013Jesse O'BrienBrisbane Lions,Jesse OBrien
2014,Mitchell Golby,Brisbane Lions,2014Mitchell GolbyBrisbane Lions,Mitch Golby
2014,Joshua Green,Brisbane Lions,2014Joshua GreenBrisbane Lions,Josh Green
2014,Matthew Maguire,Brisbane Lions,2014Matthew MaguireBrisbane Lions,Matt Maguire
2014,Zac O'Brien,Brisbane Lions,2014Zac O'BrienBrisbane Lions,Zac OBrien
2014,Nicholas Robertson,Brisbane Lions,2014Nicholas RobertsonBrisbane Lions,Nick Robertson
2015,Mitchell Golby,Brisbane Lions,2015Mitchell GolbyBrisbane Lions,Mitch Golby
2015,Joshua Green,Brisbane Lions,2015Joshua GreenBrisbane Lions,Josh Green
2015,Matthew Maguire,Brisbane Lions,2015Matthew MaguireBrisbane Lions,Matt Maguire
2015,Zac O'Brien,Brisbane Lions,2015Zac O'BrienBrisbane Lions,Zac OBrien
2015,Nicholas Robertson,Brisbane Lions,2015Nicholas RobertsonBrisbane Lions,Nick Robertson
2016,Joshua Green,Brisbane Lions,2016Joshua GreenBrisbane Lions,Josh Green
2016,Nicholas Robertson,Brisbane Lions,2016Nicholas RobertsonBrisbane Lions,Nick Robertson
2016,Joshua Walker,Brisbane Lions,2016Joshua WalkerBrisbane Lions,Josh Walker
2017,Nicholas Robertson,Brisbane Lions,2017Nicholas RobertsonBrisbane Lions,Nick Robertson
2017,Joshua Walker,Brisbane Lions,2017Joshua WalkerBrisbane Lions,Josh Walker
2018,Cameron Rayner,Brisbane Lions,2018Cameron RaynerBrisbane Lions,Heber Quinton
2018,Nicholas Robertson,Brisbane Lions,2018Nicholas RobertsonBrisbane Lions,Nick Robertson
2018,Joshua Walker,Brisbane Lions,2018Joshua WalkerBrisbane Lions,Josh Walker
2019,Mitchell Hinge,Brisbane Lions,2019Mitchell HingeBrisbane Lions,Mitch Hinge
2019,Cameron Rayner,Brisbane Lions,2019Cameron RaynerBrisbane Lions,Cam Rayner
2019,Nicholas Robertson,Brisbane Lions,2019Nicholas RobertsonBrisbane Lions,Nick Robertson
2019,Joshua Walker,Brisbane Lions,2019Joshua WalkerBrisbane Lions,Josh Walker
2020,Cameron Rayner,Brisbane Lions,2020Cameron RaynerBrisbane Lions,Cam Rayner
2020,Cameron E-Yolmen,Brisbane Lions,2020Cameron E-YolmenBrisbane Lions,Cameron Ellis-Yolmen
2013,Joshua Bootsma,Carlton,2013Joshua BootsmaCarlton,Josh Bootsma
2013,Edward Curnow,Carlton,2013Edward CurnowCarlton,Ed Curnow
2013,Nicholas Duigan,Carlton,2013Nicholas DuiganCarlton,Nick Duigan
2013,Nicholas Graham,Carlton,2013Nicholas GrahamCarlton,Nick Graham
2013,Lachlan Henderson,Carlton,2013Lachlan HendersonCarlton,Lachie Henderson
2013,Christopher Yarran,Carlton,2013Christopher YarranCarlton,Chris Yarran
2014,Edward Curnow,Carlton,2014Edward CurnowCarlton,Ed Curnow
2014,Nicholas Graham,Carlton,2014Nicholas GrahamCarlton,Nick Graham
2014,Lachlan Henderson,Carlton,2014Lachlan HendersonCarlton,Lachie Henderson
2014,Nicholas Holman,Carlton,2014Nicholas HolmanCarlton,Nick Holman
2014,Christopher Yarran,Carlton,2014Christopher YarranCarlton,Chris Yarran
2015,Edward Curnow,Carlton,2015Edward CurnowCarlton,Ed Curnow
2015,Nicholas Graham,Carlton,2015Nicholas GrahamCarlton,Nick Graham
2015,Lachlan Henderson,Carlton,2015Lachlan HendersonCarlton,Lachie Henderson
2015,Nicholas Holman,Carlton,2015Nicholas HolmanCarlton,Nick Holman
2015,Bradley Walsh,Carlton,2015Bradley WalshCarlton,Brad Walsh
2015,Christopher Yarran,Carlton,2015Christopher YarranCarlton,Chris Yarran
2016,Edward Curnow,Carlton,2016Edward CurnowCarlton,Ed Curnow
2016,Nicholas Graham,Carlton,2016Nicholas GrahamCarlton,Nick Graham
2016,Lachlan Plowman,Carlton,2016Lachlan PlowmanCarlton,Lachie Plowman
2017,Edward Curnow,Carlton,2017Edward CurnowCarlton,Ed Curnow
2017,Nicholas Graham,Carlton,2017Nicholas GrahamCarlton,Nick Graham
2017,Sam P-Seton,Carlton,2017Sam P-SetonCarlton,Sam Petrevski-Seton
2017,Lachlan Plowman,Carlton,2017Lachlan PlowmanCarlton,Lachie Plowman
2018,Edward Curnow,Carlton,2018Edward CurnowCarlton,Ed Curnow
2018,Nicholas Graham,Carlton,2018Nicholas GrahamCarlton,Nick Graham
2018,Lochie O'Brien,Carlton,2018Lochie O'BrienCarlton,Lochie OBrien
2018,Cameron O'Shea,Carlton,2018Cameron O'SheaCarlton,Cameron OShea
2018,Sam P-Seton,Carlton,2018Sam P-SetonCarlton,Sam Petrevski-Seton
2018,Lachlan Plowman,Carlton,2018Lachlan PlowmanCarlton,Lachie Plowman
2019,Edward Curnow,Carlton,2019Edward CurnowCarlton,Ed Curnow
2019,Lochie O'Brien,Carlton,2019Lochie O'BrienCarlton,Lochie OBrien
2019,Sam P-Seton,Carlton,2019Sam P-SetonCarlton,Sam Petrevski-Seton
2019,Lachlan Plowman,Carlton,2019Lachlan PlowmanCarlton,Lachie Plowman
2019,Joshua Deluca,Carlton,2019Joshua DelucaCarlton,Josh Deluca
2020,Edward Curnow,Carlton,2020Edward CurnowCarlton,Ed Curnow
2020,Lachlan Plowman,Carlton,2020Lachlan PlowmanCarlton,Lachie Plowman
2020,Sam P-Seton,Carlton,2020Sam P-SetonCarlton,Sam Petrevski-Seton
2020,Matt Cottrell,Carlton,2020Matt CottrellCarlton,Matthew Cottrell
2020,Matt Owies,Carlton,2020Matt OwiesCarlton,Matthew Owies
2021,Edward Curnow,Carlton,2021Edward CurnowCarlton,Ed Curnow
2021,Lachlan Plowman,Carlton,2021Lachlan PlowmanCarlton,Lachie Plowman
2021,Sam P-Seton,Carlton,2021Sam P-SetonCarlton,Sam Petrevski-Seton
2021,Lachlan Fogarty,Carlton,2021Lachlan FogartyCarlton,Lachie Fogarty
2021,Zachary Williams,Carlton,2021Zachary WilliamsCarlton,Zac Williams
2021,Matt Cottrell,Carlton,2021Matt CottrellCarlton,Matthew Cottrell
2021,Matt Owies,Carlton,2021Matt OwiesCarlton,Matthew Owies
2014,Timothy Broomhead,Collingwood,2014Timothy BroomheadCollingwood,Tim Broomhead
2015,Timothy Broomhead,Collingwood,2015Timothy BroomheadCollingwood,Tim Broomhead
2015,Jordan De Goey,Collingwood,2015Jordan De GoeyCollingwood,Jordan de Goey
2015,Matthew Scharenberg,Collingwood,2015Matthew ScharenbergCollingwood,Matt Scharenberg
2016,Timothy Broomhead,Collingwood,2016Timothy BroomheadCollingwood,Tim Broomhead
2016,Jordan De Goey,Collingwood,2016Jordan De GoeyCollingwood,Jordan de Goey
2017,Timothy Broomhead,Collingwood,2017Timothy BroomheadCollingwood,Tim Broomhead
2017,Jordan De Goey,Collingwood,2017Jordan De GoeyCollingwood,Jordan de Goey
2017,Will H-Elliott,Collingwood,2017Will H-ElliottCollingwood,Will Hoskin-Elliott
2017,Christopher Mayne,Collingwood,2017Christopher MayneCollingwood,Chris Mayne
2017,Matthew Scharenberg,Collingwood,2017Matthew ScharenbergCollingwood,Matt Scharenberg
2018,Timothy Broomhead,Collingwood,2018Timothy BroomheadCollingwood,Tim Broomhead
2018,Jordan De Goey,Collingwood,2018Jordan De GoeyCollingwood,Jordan de Goey
2018,Will H-Elliott,Collingwood,2018Will H-ElliottCollingwood,Will Hoskin-Elliott
2018,Christopher Mayne,Collingwood,2018Christopher MayneCollingwood,Chris Mayne
2018,Samuel Murray,Collingwood,2018Samuel MurrayCollingwood,Sam Murray
2018,Matthew Scharenberg,Collingwood,2018Matthew ScharenbergCollingwood,Matt Scharenberg
2019,Jordan De Goey,Collingwood,2019Jordan De GoeyCollingwood,Jordan de Goey
2019,Will H-Elliott,Collingwood,2019Will H-ElliottCollingwood,Will Hoskin-Elliott
2019,Christopher Mayne,Collingwood,2019Christopher MayneCollingwood,Chris Mayne
2019,Matthew Scharenberg,Collingwood,2019Matthew ScharenbergCollingwood,Matt Scharenberg
2020,Christopher Mayne,Collingwood,2020Christopher MayneCollingwood,Chris Mayne
2020,Will H-Elliott,Collingwood,2020Will H-ElliottCollingwood,Will Hoskin-Elliott
2020,Callum Brown,Collingwood,2020Callum BrownCollingwood,Callum L. Brown
2020,Timothy Broomhead,Collingwood,2020Timothy BroomheadCollingwood,Tim Broomhead
2021,Will H-Elliott,Collingwood,2021Will H-ElliottCollingwood,Will Hoskin-Elliott
2021,Callum Brown,Collingwood,2021Callum BrownCollingwood,Callum L. Brown
2021,Christopher Mayne,Collingwood,2021Christopher MayneCollingwood,Chris Mayne
2013,Corey Dell'Olio,Essendon,2013Corey Dell'OlioEssendon,Cory DellOlio
2013,Nicholas Kommer,Essendon,2013Nicholas KommerEssendon,Nick Kommer
2013,Nathan L-Murray,Essendon,2013Nathan L-MurrayEssendon,Nathan Lovett-Murray
2013,Nicholas O'Brien,Essendon,2013Nicholas O'BrienEssendon,Nick OBrien
2014,Corey Dell'Olio,Essendon,2014Corey Dell'OlioEssendon,Cory DellOlio
2014,Zachary Merrett,Essendon,2014Zachary MerrettEssendon,Zach Merrett
2014,Dylan Van Unen,Essendon,2014Dylan Van UnenEssendon,Dylan van Unen
2015,Zachary Merrett,Essendon,2015Zachary MerrettEssendon,Zach Merrett
2015,Nicholas O'Brien,Essendon,2015Nicholas O'BrienEssendon,Nick OBrien
2016,Mitchell Brown,Essendon,2016Mitchell BrownEssendon,Mitch Brown
2016,Matthew Dea,Essendon,2016Matthew DeaEssendon,Matt Dea
2016,Nicholas Kommer,Essendon,2016Nicholas KommerEssendon,Nick Kommer
2016,Anthony M-Tipungwuti,Essendon,2016Anthony M-TipungwutiEssendon,Anthony McDonald-Tipungwuti
2016,Zachary Merrett,Essendon,2016Zachary MerrettEssendon,Zach Merrett
2017,Joshua Begley,Essendon,2017Joshua BegleyEssendon,Josh Begley
2017,Mitchell Brown,Essendon,2017Mitchell BrownEssendon,Mitch Brown
2017,Matthew Dea,Essendon,2017Matthew DeaEssendon,Matt Dea
2017,Joshua Green,Essendon,2017Joshua GreenEssendon,Josh Green
2017,Anthony M-Tipungwuti,Essendon,2017Anthony M-TipungwutiEssendon,Anthony McDonald-Tipungwuti
2017,Zachary Merrett,Essendon,2017Zachary MerrettEssendon,Zach Merrett
2018,Joshua Begley,Essendon,2018Joshua BegleyEssendon,Josh Begley
2018,Mitchell Brown,Essendon,2018Mitchell BrownEssendon,Mitch Brown
2018,Matthew Dea,Essendon,2018Matthew DeaEssendon,Matt Dea
2018,Joshua Green,Essendon,2018Joshua GreenEssendon,Josh Green
2018,Anthony M-Tipungwuti,Essendon,2018Anthony M-TipungwutiEssendon,Anthony McDonald-Tipungwuti
2018,Zachary Merrett,Essendon,2018Zachary MerrettEssendon,Zach Merrett
2019,Joshua Begley,Essendon,2019Joshua BegleyEssendon,Josh Begley
2019,Mitchell Brown,Essendon,2019Mitchell BrownEssendon,Mitch Brown
2019,Zachary Clarke,Essendon,2019Zachary ClarkeEssendon,Zac Clarke
2019,Anthony M-Tipungwuti,Essendon,2019Anthony M-TipungwutiEssendon,Anthony McDonald-Tipungwuti
2019,Zachary Merrett,Essendon,2019Zachary MerrettEssendon,Zach Merrett
2019,Brandon Z-Thatcher,Essendon,2019Brandon Z-ThatcherEssendon,Brandon Zerk-Thatcher
2020,Zachary Merrett,Essendon,2020Zachary MerrettEssendon,Zach Merrett
2020,Anthony M-Tipungwuti,Essendon,2020Anthony M-TipungwutiEssendon,Anthony McDonald-Tipungwuti
2020,Brandon Z-Thatcher,Essendon,2020Brandon Z-ThatcherEssendon,Brandon Zerk-Thatcher
2020,Joshua Begley,Essendon,2020Joshua BegleyEssendon,Josh Begley
2021,Zachary Merrett,Essendon,2021Zachary MerrettEssendon,Zach Merrett
2021,Anthony M-Tipungwuti,Essendon,2021Anthony M-TipungwutiEssendon,Anthony McDonald-Tipungwuti
2021,Nikolas Cox,Essendon,2021Nikolas CoxEssendon,Nik Cox
2021,Brandon Z-Thatcher,Essendon,2021Brandon Z-ThatcherEssendon,Brandon Zerk-Thatcher
2013,Matthew De Boer,Fremantle,2013Matthew De BoerFremantle,Matthew de Boer
2013,Zachary Clarke,Fremantle,2013Zachary ClarkeFremantle,Zac Clarke
2013,Nathan Fyfe,Fremantle,2013Nathan FyfeFremantle,Nat Fyfe
2013,Christopher Mayne,Fremantle,2013Christopher MayneFremantle,Chris Mayne
2013,Thomas Sheridan,Fremantle,2013Thomas SheridanFremantle,Tom Sheridan
2013,Nicholas Suban,Fremantle,2013Nicholas SubanFremantle,Nick Suban
2014,Matthew De Boer,Fremantle,2014Matthew De BoerFremantle,Matthew de Boer
2014,Zachary Clarke,Fremantle,2014Zachary ClarkeFremantle,Zac Clarke
2014,Nathan Fyfe,Fremantle,2014Nathan FyfeFremantle,Nat Fyfe
2014,Christopher Mayne,Fremantle,2014Christopher MayneFremantle,Chris Mayne
2014,Thomas Sheridan,Fremantle,2014Thomas SheridanFremantle,Tom Sheridan
2014,Nicholas Suban,Fremantle,2014Nicholas SubanFremantle,Nick Suban
2015,Matthew De Boer,Fremantle,2015Matthew De BoerFremantle,Matthew de Boer
2015,Zachary Clarke,Fremantle,2015Zachary ClarkeFremantle,Zac Clarke
2015,Nathan Fyfe,Fremantle,2015Nathan FyfeFremantle,Nat Fyfe
2015,Christopher Mayne,Fremantle,2015Christopher MayneFremantle,Chris Mayne
2015,Thomas Sheridan,Fremantle,2015Thomas SheridanFremantle,Tom Sheridan
2015,Nicholas Suban,Fremantle,2015Nicholas SubanFremantle,Nick Suban
2015,Lachlan Weller,Fremantle,2015Lachlan WellerFremantle,Lachie Weller
2016,Matthew De Boer,Fremantle,2016Matthew De BoerFremantle,Matthew de Boer
2016,Zachary Clarke,Fremantle,2016Zachary ClarkeFremantle,Zac Clarke
2016,Samuel Collins,Fremantle,2016Samuel CollinsFremantle,Sam Collins
2016,Nathan Fyfe,Fremantle,2016Nathan FyfeFremantle,Nat Fyfe
2016,Christopher Mayne,Fremantle,2016Christopher MayneFremantle,Chris Mayne
2016,Thomas Sheridan,Fremantle,2016Thomas SheridanFremantle,Tom Sheridan
2016,Nicholas Suban,Fremantle,2016Nicholas SubanFremantle,Nick Suban
2016,Lachlan Weller,Fremantle,2016Lachlan WellerFremantle,Lachie Weller
2017,Samuel Collins,Fremantle,2017Samuel CollinsFremantle,Sam Collins
2017,Josh D-Cardillo,Fremantle,2017Josh D-CardilloFremantle,Josh Deluca
2017,Nathan Fyfe,Fremantle,2017Nathan FyfeFremantle,Nat Fyfe
2017,Cameron McCarthy,Fremantle,2017Cameron McCarthyFremantle,Cam McCarthy
2017,Thomas Sheridan,Fremantle,2017Thomas SheridanFremantle,Tom Sheridan
2017,Nicholas Suban,Fremantle,2017Nicholas SubanFremantle,Nick Suban
2017,Lachlan Weller,Fremantle,2017Lachlan WellerFremantle,Lachie Weller
2018,Mitchell Crowden,Fremantle,2018Mitchell CrowdenFremantle,Mitch Crowden
2018,Nathan Fyfe,Fremantle,2018Nathan FyfeFremantle,Nat Fyfe
2018,Cameron McCarthy,Fremantle,2018Cameron McCarthyFremantle,Cam McCarthy
2018,Thomas Sheridan,Fremantle,2018Thomas SheridanFremantle,Tom Sheridan
2019,Nathan Fyfe,Fremantle,2019Nathan FyfeFremantle,Nat Fyfe
2019,Cameron McCarthy,Fremantle,2019Cameron McCarthyFremantle,Cam McCarthy
2019,Lachlan Schultz,Fremantle,2019Lachlan SchultzFremantle,Lachie Schultz
2019,Mitchell Crowden,Fremantle,2019Mitchell CrowdenFremantle,Mitch Crowden
2020,Nathan Fyfe,Fremantle,2020Nathan FyfeFremantle,Nat Fyfe
2020,Matthew Taberner,Fremantle,2020Matthew TabernerFremantle,Matt Taberner
2020,Cameron McCarthy,Fremantle,2020Cameron McCarthyFremantle,Cam McCarthy
2020,Mitchell Crowden,Fremantle,2020Mitchell CrowdenFremantle,Mitch Crowden
2020,Lachlan Schultz,Fremantle,2020Lachlan SchultzFremantle,Lachie Schultz
2020,Minairo Frederick,Fremantle,2020Minairo FrederickFremantle,Michael Frederick
2021,Nathan Fyfe,Fremantle,2021Nathan FyfeFremantle,Nat Fyfe
2021,Matthew Taberner,Fremantle,2021Matthew TabernerFremantle,Matt Taberner
2021,Lachlan Schultz,Fremantle,2021Lachlan SchultzFremantle,Lachie Schultz
2021,Minairo Frederick,Fremantle,2021Minairo FrederickFremantle,Michael Frederick
2021,Mitchell Crowden,Fremantle,2021Mitchell CrowdenFremantle,Mitch Crowden
2013,Mitchell Brown,Geelong,2013Mitchell BrownGeelong,Mitch Brown
2013,Mitchell Duncan,Geelong,2013Mitchell DuncanGeelong,Mitch Duncan
2013,George H-Smith,Geelong,2013George H-SmithGeelong,George Horlin-Smith
2013,Joshua Walker,Geelong,2013Joshua WalkerGeelong,Josh Walker
2014,Mitchell Brown,Geelong,2014Mitchell BrownGeelong,Mitch Brown
2014,Mitchell Duncan,Geelong,2014Mitchell DuncanGeelong,Mitch Duncan
2014,George H-Smith,Geelong,2014George H-SmithGeelong,George Horlin-Smith
2014,Bradley Hartman,Geelong,2014Bradley HartmanGeelong,Brad Hartman
2014,Joshua Walker,Geelong,2014Joshua WalkerGeelong,Josh Walker
2015,Mitchell Clark,Geelong,2015Mitchell ClarkGeelong,Mitch Clark
2015,Mitchell Duncan,Geelong,2015Mitchell DuncanGeelong,Mitch Duncan
2015,George H-Smith,Geelong,2015George H-SmithGeelong,George Horlin-Smith
2015,Joshua Walker,Geelong,2015Joshua WalkerGeelong,Josh Walker
2016,Mitchell Clark,Geelong,2016Mitchell ClarkGeelong,Mitch Clark
2016,Mitchell Duncan,Geelong,2016Mitchell DuncanGeelong,Mitch Duncan
2016,George H-Smith,Geelong,2016George H-SmithGeelong,George Horlin-Smith
2016,Lachlan Henderson,Geelong,2016Lachlan HendersonGeelong,Lachie Henderson
2017,Mitchell Duncan,Geelong,2017Mitchell DuncanGeelong,Mitch Duncan
2017,George H-Smith,Geelong,2017George H-SmithGeelong,George Horlin-Smith
2017,Lachlan Henderson,Geelong,2017Lachlan HendersonGeelong,Lachie Henderson
2017,Mark O'Connor,Geelong,2017Mark O'ConnorGeelong,Mark OConnor
2017,Thomas Stewart,Geelong,2017Thomas StewartGeelong,Tom Stewart
2018,Gary Jnr Ablett,Geelong,2018Gary Jnr AblettGeelong,Gary Ablett
2018,Mitchell Duncan,Geelong,2018Mitchell DuncanGeelong,Mitch Duncan
2018,Lachlan Fogarty,Geelong,2018Lachlan FogartyGeelong,Lachie Fogarty
2018,George H-Smith,Geelong,2018George H-SmithGeelong,George Horlin-Smith
2018,Lachlan Henderson,Geelong,2018Lachlan HendersonGeelong,Lachie Henderson
2018,Mark O'Connor,Geelong,2018Mark O'ConnorGeelong,Mark OConnor
2018,Thomas Stewart,Geelong,2018Thomas StewartGeelong,Tom Stewart
2019,Gary Jnr Ablett,Geelong,2019Gary Jnr AblettGeelong,Gary Ablett
2019,Mitchell Duncan,Geelong,2019Mitchell DuncanGeelong,Mitch Duncan
2019,Lachlan Henderson,Geelong,2019Lachlan HendersonGeelong,Lachie Henderson
2019,Mark O'Connor,Geelong,2019Mark O'ConnorGeelong,Mark OConnor
2019,Thomas Stewart,Geelong,2019Thomas StewartGeelong,Tom Stewart
2019,Lachlan Fogarty,Geelong,2019Lachlan FogartyGeelong,Lachie Fogarty
2020,Mitchell Duncan,Geelong,2020Mitchell DuncanGeelong,Mitch Duncan
2020,Thomas Stewart,Geelong,2020Thomas StewartGeelong,Tom Stewart
2020,Lachlan Henderson,Geelong,2020Lachlan HendersonGeelong,Lachie Henderson
2020,Lachlan Fogarty,Geelong,2020Lachlan FogartyGeelong,Lachie Fogarty
2020,Bradley Close,Geelong,2020Bradley CloseGeelong,Brad Close
2021,Lachlan Henderson,Geelong,2021Lachlan HendersonGeelong,Lachie Henderson
2021,Thomas Stewart,Geelong,2021Thomas StewartGeelong,Tom Stewart
2021,Mitchell Duncan,Geelong,2021Mitchell DuncanGeelong,Mitch Duncan
2021,Bradley Close,Geelong,2021Bradley CloseGeelong,Brad Close
2013,Gary Jnr Ablett,Gold Coast,2013Gary Jnr AblettGold Coast,Gary Ablett
2013,Thomas Murphy,Gold Coast,2013Thomas MurphyGold Coast,Tom Murphy
2013,Jaeger O'Meara,Gold Coast,2013Jaeger O'MearaGold Coast,Jaeger OMeara
2013,Tim Sumner,Gold Coast,2013Tim SumnerGold Coast,Timmy Sumner
2013,Sebastian Tape,Gold Coast,2013Sebastian TapeGold Coast,Seb Tape
2014,Gary Jnr Ablett,Gold Coast,2014Gary Jnr AblettGold Coast,Gary Ablett
2014,Thomas Murphy,Gold Coast,2014Thomas MurphyGold Coast,Tom Murphy
2014,Jaeger O'Meara,Gold Coast,2014Jaeger O'MearaGold Coast,Jaeger OMeara
2014,Tim Sumner,Gold Coast,2014Tim SumnerGold Coast,Timmy Sumner
2014,Sebastian Tape,Gold Coast,2014Sebastian TapeGold Coast,Seb Tape
2015,Gary Jnr Ablett,Gold Coast,2015Gary Jnr AblettGold Coast,Gary Ablett
2015,Mitchell Hallahan,Gold Coast,2015Mitchell HallahanGold Coast,Mitch Hallahan
2015,Sebastian Tape,Gold Coast,2015Sebastian TapeGold Coast,Seb Tape
2016,Gary Jnr Ablett,Gold Coast,2016Gary Jnr AblettGold Coast,Gary Ablett
2016,Mitchell Hallahan,Gold Coast,2016Mitchell HallahanGold Coast,Mitch Hallahan
2016,Darcy Macpherson,Gold Coast,2016Darcy MacphersonGold Coast,Darcy MacPherson
2016,Matthew Rosa,Gold Coast,2016Matthew RosaGold Coast,Matt Rosa
2016,Joshua Schoenfeld,Gold Coast,2016Joshua SchoenfeldGold Coast,Josh Schoenfeld
2016,Sebastian Tape,Gold Coast,2016Sebastian TapeGold Coast,Seb Tape
2017,Gary Jnr Ablett,Gold Coast,2017Gary Jnr AblettGold Coast,Gary Ablett
2017,Mitchell Hallahan,Gold Coast,2017Mitchell HallahanGold Coast,Mitch Hallahan
2017,Darcy Macpherson,Gold Coast,2017Darcy MacphersonGold Coast,Darcy MacPherson
2017,Matthew Rosa,Gold Coast,2017Matthew RosaGold Coast,Matt Rosa
2017,Joshua Schoenfeld,Gold Coast,2017Joshua SchoenfeldGold Coast,Josh Schoenfeld
2018,Nicholas Holman,Gold Coast,2018Nicholas HolmanGold Coast,Nick Holman
2018,Darcy Macpherson,Gold Coast,2018Darcy MacphersonGold Coast,Darcy MacPherson
2018,Matthew Rosa,Gold Coast,2018Matthew RosaGold Coast,Matt Rosa
2018,Joshua Schoenfeld,Gold Coast,2018Joshua SchoenfeldGold Coast,Josh Schoenfeld
2018,Lachlan Weller,Gold Coast,2018Lachlan WellerGold Coast,Lachie Weller
2019,Samuel Collins,Gold Coast,2019Samuel CollinsGold Coast,Sam Collins
2019,George H-Smith,Gold Coast,2019George H-SmithGold Coast,George Horlin-Smith
2019,Nicholas Holman,Gold Coast,2019Nicholas HolmanGold Coast,Nick Holman
2019,Darcy Macpherson,Gold Coast,2019Darcy MacphersonGold Coast,Darcy MacPherson
2019,Joshua Schoenfeld,Gold Coast,2019Joshua SchoenfeldGold Coast,Josh Schoenfeld
2019,Lachlan Weller,Gold Coast,2019Lachlan WellerGold Coast,Lachie Weller
2019,Bradley Scheer,Gold Coast,2019Bradley ScheerGold Coast,Brad Scheer
2020,Nicholas Holman,Gold Coast,2020Nicholas HolmanGold Coast,Nick Holman
2020,Lachlan Weller,Gold Coast,2020Lachlan WellerGold Coast,Lachie Weller
2020,Darcy Macpherson,Gold Coast,2020Darcy MacphersonGold Coast,Darcy MacPherson
2020,Samuel Collins,Gold Coast,2020Samuel CollinsGold Coast,Sam Collins
2021,Nicholas Holman,Gold Coast,2021Nicholas HolmanGold Coast,Nick Holman
2021,Lachlan Weller,Gold Coast,2021Lachlan WellerGold Coast,Lachie Weller
2021,Darcy Macpherson,Gold Coast,2021Darcy MacphersonGold Coast,Darcy MacPherson
2021,Samuel Collins,Gold Coast,2021Samuel CollinsGold Coast,Sam Collins
2013,Matthew Buntine,Greater Western Sydney,2013Matthew BuntineGreater Western Sydney,Matt Buntine
2013,Will H-Elliott,Greater Western Sydney,2013Will H-ElliottGreater Western Sydney,Will Hoskin-Elliott
2013,Setanta O'hAilpin,Greater Western Sydney,2013Setanta O'hAilpinGreater Western Sydney,Setanta OhAilpin
2013,Jonathan O'Rourke,Greater Western Sydney,2013Jonathan O'RourkeGreater Western Sydney,Jonathan ORourke
2013,Lachlan Plowman,Greater Western Sydney,2013Lachlan PlowmanGreater Western Sydney,Lachie Plowman
2013,Samuel Reid,Greater Western Sydney,2013Samuel ReidGreater Western Sydney,Sam Reid
2013,Zachary Williams,Greater Western Sydney,2013Zachary WilliamsGreater Western Sydney,Zac Williams
2014,Thomas Boyd,Greater Western Sydney,2014Thomas BoydGreater Western Sydney,Tom Boyd
2014,Matthew Buntine,Greater Western Sydney,2014Matthew BuntineGreater Western Sydney,Matt Buntine
2014,Will H-Elliott,Greater Western Sydney,2014Will H-ElliottGreater Western Sydney,Will Hoskin-Elliott
2014,Joshua Kelly,Greater Western Sydney,2014Joshua KellyGreater Western Sydney,Josh Kelly
2014,Cameron McCarthy,Greater Western Sydney,2014Cameron McCarthyGreater Western Sydney,Cam McCarthy
2014,Jonathan O'Rourke,Greater Western Sydney,2014Jonathan O'RourkeGreater Western Sydney,Jonathan ORourke
2014,Lachlan Plowman,Greater Western Sydney,2014Lachlan PlowmanGreater Western Sydney,Lachie Plowman
2014,Zachary Williams,Greater Western Sydney,2014Zachary WilliamsGreater Western Sydney,Zac Williams
2015,Matthew Buntine,Greater Western Sydney,2015Matthew BuntineGreater Western Sydney,Matt Buntine
2015,Will H-Elliott,Greater Western Sydney,2015Will H-ElliottGreater Western Sydney,Will Hoskin-Elliott
2015,Joshua Kelly,Greater Western Sydney,2015Joshua KellyGreater Western Sydney,Josh Kelly
2015,Cameron McCarthy,Greater Western Sydney,2015Cameron McCarthyGreater Western Sydney,Cam McCarthy
2015,Lachlan Plowman,Greater Western Sydney,2015Lachlan PlowmanGreater Western Sydney,Lachie Plowman
2015,Zachary Williams,Greater Western Sydney,2015Zachary WilliamsGreater Western Sydney,Zac Williams
2016,Matthew Buntine,Greater Western Sydney,2016Matthew BuntineGreater Western Sydney,Matt Buntine
2016,Will H-Elliott,Greater Western Sydney,2016Will H-ElliottGreater Western Sydney,Will Hoskin-Elliott
2016,Joshua Kelly,Greater Western Sydney,2016Joshua KellyGreater Western Sydney,Josh Kelly
2016,Samuel Reid,Greater Western Sydney,2016Samuel ReidGreater Western Sydney,Sam Reid
2016,Zachary Williams,Greater Western Sydney,2016Zachary WilliamsGreater Western Sydney,Zac Williams
2017,Matthew De Boer,Greater Western Sydney,2017Matthew De BoerGreater Western Sydney,Matthew de Boer
2017,Matthew Buntine,Greater Western Sydney,2017Matthew BuntineGreater Western Sydney,Matt Buntine
2017,Joshua Kelly,Greater Western Sydney,2017Joshua KellyGreater Western Sydney,Josh Kelly
2017,Samuel Reid,Greater Western Sydney,2017Samuel ReidGreater Western Sydney,Sam Reid
2017,Zachary Williams,Greater Western Sydney,2017Zachary WilliamsGreater Western Sydney,Zac Williams
2018,Matthew De Boer,Greater Western Sydney,2018Matthew De BoerGreater Western Sydney,Matthew de Boer
2018,Matthew Buntine,Greater Western Sydney,2018Matthew BuntineGreater Western Sydney,Matt Buntine
2018,Joshua Kelly,Greater Western Sydney,2018Joshua KellyGreater Western Sydney,Josh Kelly
2018,Samuel Reid,Greater Western Sydney,2018Samuel ReidGreater Western Sydney,Sam Reid
2018,Nicholas Shipley,Greater Western Sydney,2018Nicholas ShipleyGreater Western Sydney,Nick Shipley
2018,Zachary Williams,Greater Western Sydney,2018Zachary WilliamsGreater Western Sydney,Zac Williams
2019,Matthew De Boer,Greater Western Sydney,2019Matthew De BoerGreater Western Sydney,Matthew de Boer
2019,Matthew Buntine,Greater Western Sydney,2019Matthew BuntineGreater Western Sydney,Matt Buntine
2019,Joshua Kelly,Greater Western Sydney,2019Joshua KellyGreater Western Sydney,Josh Kelly
2019,Samuel Reid,Greater Western Sydney,2019Samuel ReidGreater Western Sydney,Sam Reid
2019,Thomas Sheridan,Greater Western Sydney,2019Thomas SheridanGreater Western Sydney,Tom Sheridan
2019,Zachary Williams,Greater Western Sydney,2019Zachary WilliamsGreater Western Sydney,Zac Williams
2019,Ian Hill,Greater Western Sydney,2019Ian HillGreater Western Sydney,Bobby Hill
2019,Zachary Sproule,Greater Western Sydney,2019Zachary SprouleGreater Western Sydney,Zach Sproule
2020,Matthew De Boer,Greater Western Sydney,2020Matthew De BoerGreater Western Sydney,Matt de Boer
2020,Joshua Kelly,Greater Western Sydney,2020Joshua KellyGreater Western Sydney,Josh Kelly
2020,Harrison Himmelberg,Greater Western Sydney,2020Harrison HimmelbergGreater Western Sydney,Harry Himmelberg
2020,Zachary Williams,Greater Western Sydney,2020Zachary WilliamsGreater Western Sydney,Zac Williams
2020,Lachlan Ash,Greater Western Sydney,2020Lachlan AshGreater Western Sydney,Lachie Ash
2020,Thomas Sheridan,Greater Western Sydney,2020Thomas SheridanGreater Western Sydney,Tommy Sheridan
2020,Ian Hill,Greater Western Sydney,2020Ian HillGreater Western Sydney,Bobby Hill
2020,Thomas Hutchesson,Greater Western Sydney,2020Thomas HutchessonGreater Western Sydney,Tom Hutchesson
2020,Samuel Reid,Greater Western Sydney,2020Samuel ReidGreater Western Sydney,Sam J. Reid
2021,Samuel Reid,Greater Western Sydney,2021Samuel ReidGreater Western Sydney,Sam J. Reid
2021,Matthew De Boer,Greater Western Sydney,2021Matthew De BoerGreater Western Sydney,Matt de Boer
2021,Joshua Kelly,Greater Western Sydney,2021Joshua KellyGreater Western Sydney,Josh Kelly
2021,Harrison Himmelberg,Greater Western Sydney,2021Harrison HimmelbergGreater Western Sydney,Harry Himmelberg
2021,Ian Hill,Greater Western Sydney,2021Ian HillGreater Western Sydney,Bobby Hill
2021,Lachlan Ash,Greater Western Sydney,2021Lachlan AshGreater Western Sydney,Lachie Ash
2021,Matthew Flynn,Greater Western Sydney,2021Matthew FlynnGreater Western Sydney,Matt Flynn
2021,Zachary Sproule,Greater Western Sydney,2021Zachary SprouleGreater Western Sydney,Zach Sproule
2021,Matthew Buntine,Greater Western Sydney,2021Matthew BuntineGreater Western Sydney,Matt Buntine
2021,Nicholas Shipley,Greater Western Sydney,2021Nicholas ShipleyGreater Western Sydney,Nick Shipley
2021,Callum Brown,Greater Western Sydney,2021Callum BrownGreater Western Sydney,Callum M. Brown
2013,William Langford,Hawthorn,2013William LangfordHawthorn,Will Langford
2013,Benjamin Stratton,Hawthorn,2013Benjamin StrattonHawthorn,Ben Stratton
2014,Mitchell Hallahan,Hawthorn,2014Mitchell HallahanHawthorn,Mitch Hallahan
2014,William Langford,Hawthorn,2014William LangfordHawthorn,Will Langford
2014,Tim O'Brien,Hawthorn,2014Tim O'BrienHawthorn,Tim OBrien
2014,Benjamin Stratton,Hawthorn,2014Benjamin StrattonHawthorn,Ben Stratton
2014,Matthew Suckling,Hawthorn,2014Matthew SucklingHawthorn,Matt Suckling
2015,William Langford,Hawthorn,2015William LangfordHawthorn,Will Langford
2015,Jonathan O'Rourke,Hawthorn,2015Jonathan O'RourkeHawthorn,Jonathan ORourke
2015,Benjamin Stratton,Hawthorn,2015Benjamin StrattonHawthorn,Ben Stratton
2015,Matthew Suckling,Hawthorn,2015Matthew SucklingHawthorn,Matt Suckling
2016,William Langford,Hawthorn,2016William LangfordHawthorn,Will Langford
2016,Tim O'Brien,Hawthorn,2016Tim O'BrienHawthorn,Tim OBrien
2016,Jonathan O'Rourke,Hawthorn,2016Jonathan O'RourkeHawthorn,Jonathan ORourke
2016,Benjamin Stratton,Hawthorn,2016Benjamin StrattonHawthorn,Ben Stratton
2017,William Langford,Hawthorn,2017William LangfordHawthorn,Will Langford
2017,Tim O'Brien,Hawthorn,2017Tim O'BrienHawthorn,Tim OBrien
2017,Jaeger O'Meara,Hawthorn,2017Jaeger O'MearaHawthorn,Jaeger OMeara
2017,Benjamin Stratton,Hawthorn,2017Benjamin StrattonHawthorn,Ben Stratton
2017,Tyrone Vickery,Hawthorn,2017Tyrone VickeryHawthorn,Ty Vickery
2018,William Langford,Hawthorn,2018William LangfordHawthorn,Will Langford
2018,Mitchell Lewis,Hawthorn,2018Mitchell LewisHawthorn,Mitch Lewis
2018,Tim O'Brien,Hawthorn,2018Tim O'BrienHawthorn,Tim OBrien
2018,Jaeger O'Meara,Hawthorn,2018Jaeger O'MearaHawthorn,Jaeger OMeara
2018,Jonathan O'Rourke,Hawthorn,2018Jonathan O'RourkeHawthorn,Jonathan ORourke
2018,Benjamin Stratton,Hawthorn,2018Benjamin StrattonHawthorn,Ben Stratton
2019,Mitchell Lewis,Hawthorn,2019Mitchell LewisHawthorn,Mitch Lewis
2019,Tim O'Brien,Hawthorn,2019Tim O'BrienHawthorn,Tim OBrien
2019,Jaeger O'Meara,Hawthorn,2019Jaeger O'MearaHawthorn,Jaeger OMeara
2019,Benjamin Stratton,Hawthorn,2019Benjamin StrattonHawthorn,Ben Stratton
2020,Benjamin Stratton,Hawthorn,2020Benjamin StrattonHawthorn,Ben Stratton
2020,Mitchell Lewis,Hawthorn,2020Mitchell LewisHawthorn,Mitch Lewis
2020,Harrison Jones,Hawthorn,2020Harrison JonesHawthorn,Harry Jones
2021,Mitchell Lewis,Hawthorn,2021Mitchell LewisHawthorn,Mitch Lewis
2021,Denver G-Barras,Hawthorn,2021Denver G-BarrasHawthorn,Denver Grainger-Barras
2013,Mitchell Clark,Melbourne,2013Mitchell ClarkMelbourne,Mitch Clark
2013,Mitchell Clisby,Melbourne,2013Mitchell ClisbyMelbourne,Mitch Clisby
2013,Thomas Gillies,Melbourne,2013Thomas GilliesMelbourne,Tom Gillies
2014,Alexis Georgiou,Melbourne,2014Alexis GeorgiouMelbourne,Alex Georgiou
2014,Jay K-Harris,Melbourne,2014Jay K-HarrisMelbourne,Jay Kennedy-Harris
2015,Jay K-Harris,Melbourne,2015Jay K-HarrisMelbourne,Jay Kennedy-Harris
2015,Alex N-Bullen,Melbourne,2015Alex N-BullenMelbourne,Alex Neal-Bullen
2015,Mitchell White,Melbourne,2015Mitchell WhiteMelbourne,Mitch White
2016,Alex N-Bullen,Melbourne,2016Alex N-BullenMelbourne,Alex Neal-Bullen
2016,Joshua Wagner,Melbourne,2016Joshua WagnerMelbourne,Josh Wagner
2016,Mitchell White,Melbourne,2016Mitchell WhiteMelbourne,Mitch White
2017,Mitchell Hannan,Melbourne,2017Mitchell HannanMelbourne,Mitch Hannan
2017,Jay K-Harris,Melbourne,2017Jay K-HarrisMelbourne,Jay Kennedy-Harris
2017,Alex N-Bullen,Melbourne,2017Alex N-BullenMelbourne,Alex Neal-Bullen
2017,Joshua Wagner,Melbourne,2017Joshua WagnerMelbourne,Josh Wagner
2017,Mitchell White,Melbourne,2017Mitchell WhiteMelbourne,Mitch White
2018,Mitchell Hannan,Melbourne,2018Mitchell HannanMelbourne,Mitch Hannan
2018,Jay K-Harris,Melbourne,2018Jay K-HarrisMelbourne,Jay Kennedy-Harris
2018,Alex N-Bullen,Melbourne,2018Alex N-BullenMelbourne,Alex Neal-Bullen
2018,Harrison Petty,Melbourne,2018Harrison PettyMelbourne,Harry Petty
2018,Joshua Wagner,Melbourne,2018Joshua WagnerMelbourne,Josh Wagner
2019,Mitchell Hannan,Melbourne,2019Mitchell HannanMelbourne,Mitch Hannan
2019,Jay K-Harris,Melbourne,2019Jay K-HarrisMelbourne,Jay Kennedy-Harris
2019,Alex N-Bullen,Melbourne,2019Alex N-BullenMelbourne,Alex Neal-Bullen
2019,Harrison Petty,Melbourne,2019Harrison PettyMelbourne,Harry Petty
2019,Joshua Wagner,Melbourne,2019Joshua WagnerMelbourne,Josh Wagner
2020,Mitchell Brown,Melbourne,2020Mitchell BrownMelbourne,Mitch Brown
2020,Alex N-Bullen,Melbourne,2020Alex N-BullenMelbourne,Alex Neal-Bullen
2020,Aaron Vandenberg,Melbourne,2020Aaron VandenbergMelbourne,Aaron vandenBerg
2020,Mitchell Hannan,Melbourne,2020Mitchell HannanMelbourne,Mitch Hannan
2020,Joshua Wagner,Melbourne,2020Joshua WagnerMelbourne,Josh Wagner
2021,Alex N-Bullen,Melbourne,2021Alex N-BullenMelbourne,Alex Neal-Bullen
2021,,Melbourne,2021Melbourne,James Jordon
2021,Mitchell Brown,Melbourne,2021Mitchell BrownMelbourne,Mitch Brown
2021,Aaron Vandenberg,Melbourne,2021Aaron VandenbergMelbourne,Aaron vandenBerg
2013,Jamie MacMillan,North Melbourne,2013Jamie MacMillanNorth Melbourne,Jamie Macmillan
2013,Bradley McKenzie,North Melbourne,2013Bradley McKenzieNorth Melbourne,Brad McKenzie
2013,William Sierakowski,North Melbourne,2013William SierakowskiNorth Melbourne,Will Sierakowski
2013,Samuel Wright,North Melbourne,2013Samuel WrightNorth Melbourne,Sam Wright
2014,Jamie MacMillan,North Melbourne,2014Jamie MacMillanNorth Melbourne,Jamie Macmillan
2014,Bradley McKenzie,North Melbourne,2014Bradley McKenzieNorth Melbourne,Brad McKenzie
2014,Samuel Wright,North Melbourne,2014Samuel WrightNorth Melbourne,Sam Wright
2015,Jamie MacMillan,North Melbourne,2015Jamie MacMillanNorth Melbourne,Jamie Macmillan
2015,Bradley McKenzie,North Melbourne,2015Bradley McKenzieNorth Melbourne,Brad McKenzie
2015,Samuel Wright,North Melbourne,2015Samuel WrightNorth Melbourne,Sam Wright
2016,Jamie MacMillan,North Melbourne,2016Jamie MacMillanNorth Melbourne,Jamie Macmillan
2016,Bradley McKenzie,North Melbourne,2016Bradley McKenzieNorth Melbourne,Brad McKenzie
2016,Samuel Wright,North Melbourne,2016Samuel WrightNorth Melbourne,Sam Wright
2017,Jamie MacMillan,North Melbourne,2017Jamie MacMillanNorth Melbourne,Jamie Macmillan
2017,Daniel Nielson,North Melbourne,2017Daniel NielsonNorth Melbourne,Dan Nielson
2017,Ed V-Willis,North Melbourne,2017Ed V-WillisNorth Melbourne,Ed Vickers-Willis
2018,Luke D-Uniacke,North Melbourne,2018Luke D-UniackeNorth Melbourne,Luke Davies-Uniacke
2018,Jamie MacMillan,North Melbourne,2018Jamie MacMillanNorth Melbourne,Jamie Macmillan
2018,Thomas Murphy,North Melbourne,2018Thomas MurphyNorth Melbourne,Tom Murphy
2018,Ed V-Willis,North Melbourne,2018Ed V-WillisNorth Melbourne,Ed Vickers-Willis
2018,Samuel Wright,North Melbourne,2018Samuel WrightNorth Melbourne,Sam Wright
2019,Luke D-Uniacke,North Melbourne,2019Luke D-UniackeNorth Melbourne,Luke Davies-Uniacke
2019,Jamie MacMillan,North Melbourne,2019Jamie MacMillanNorth Melbourne,Jamie Macmillan
2019,Ed V-Willis,North Melbourne,2019Ed V-WillisNorth Melbourne,Ed Vickers-Willis
2019,Samuel Wright,North Melbourne,2019Samuel WrightNorth Melbourne,Sam Wright
2020,Jamie MacMillan,North Melbourne,2020Jamie MacMillanNorth Melbourne,Jamie Macmillan
2020,Joshua Walker,North Melbourne,2020Joshua WalkerNorth Melbourne,Josh Walker
2020,Thomas Murphy,North Melbourne,2020Thomas MurphyNorth Melbourne,Tom Murphy
2020,Luke D-Uniacke,North Melbourne,2020Luke D-UniackeNorth Melbourne,Luke Davies-Uniacke
2020,Ed V-Willis,North Melbourne,2020Ed V-WillisNorth Melbourne,Ed Vickers-Willis
2021,Joshua Walker,North Melbourne,2021Joshua WalkerNorth Melbourne,Josh Walker
2021,Luke D-Uniacke,North Melbourne,2021Luke D-UniackeNorth Melbourne,Luke Davies-Uniacke
2013,Thomas Jonas,Port Adelaide,2013Thomas JonasPort Adelaide,Tom Jonas
2013,Cameron O'Shea,Port Adelaide,2013Cameron O'SheaPort Adelaide,Cameron OShea
2013,Oliver Wines,Port Adelaide,2013Oliver WinesPort Adelaide,Ollie Wines
2014,Thomas Jonas,Port Adelaide,2014Thomas JonasPort Adelaide,Tom Jonas
2014,Cameron O'Shea,Port Adelaide,2014Cameron O'SheaPort Adelaide,Cameron OShea
2014,Matthew White,Port Adelaide,2014Matthew WhitePort Adelaide,Matt White
2014,Oliver Wines,Port Adelaide,2014Oliver WinesPort Adelaide,Ollie Wines
2015,Thomas Jonas,Port Adelaide,2015Thomas JonasPort Adelaide,Tom Jonas
2015,Cameron O'Shea,Port Adelaide,2015Cameron O'SheaPort Adelaide,Cameron OShea
2015,Matthew White,Port Adelaide,2015Matthew WhitePort Adelaide,Matt White
2015,Oliver Wines,Port Adelaide,2015Oliver WinesPort Adelaide,Ollie Wines
2016,Darcy B-Jones,Port Adelaide,2016Darcy B-JonesPort Adelaide,Darcy Byrne-Jones
2016,Thomas Jonas,Port Adelaide,2016Thomas JonasPort Adelaide,Tom Jonas
2016,Cameron O'Shea,Port Adelaide,2016Cameron O'SheaPort Adelaide,Cameron OShea
2016,Matthew White,Port Adelaide,2016Matthew WhitePort Adelaide,Matt White
2016,Oliver Wines,Port Adelaide,2016Oliver WinesPort Adelaide,Ollie Wines
2017,Darcy B-Jones,Port Adelaide,2017Darcy B-JonesPort Adelaide,Darcy Byrne-Jones
2017,Thomas Jonas,Port Adelaide,2017Thomas JonasPort Adelaide,Tom Jonas
2017,Sam P-Pepper,Port Adelaide,2017Sam P-PepperPort Adelaide,Sam Powell-Pepper
2017,Matthew White,Port Adelaide,2017Matthew WhitePort Adelaide,Matt White
2017,Oliver Wines,Port Adelaide,2017Oliver WinesPort Adelaide,Ollie Wines
2018,Darcy B-Jones,Port Adelaide,2018Darcy B-JonesPort Adelaide,Darcy Byrne-Jones
2018,Thomas Jonas,Port Adelaide,2018Thomas JonasPort Adelaide,Tom Jonas
2018,Sam P-Pepper,Port Adelaide,2018Sam P-PepperPort Adelaide,Sam Powell-Pepper
2018,Oliver Wines,Port Adelaide,2018Oliver WinesPort Adelaide,Ollie Wines
2019,Darcy B-Jones,Port Adelaide,2019Darcy B-JonesPort Adelaide,Darcy Byrne-Jones
2019,Thomas Jonas,Port Adelaide,2019Thomas JonasPort Adelaide,Tom Jonas
2019,Sam P-Pepper,Port Adelaide,2019Sam P-PepperPort Adelaide,Sam Powell-Pepper
2019,Oliver Wines,Port Adelaide,2019Oliver WinesPort Adelaide,Ollie Wines
2020,Thomas Jonas,Port Adelaide,2020Thomas JonasPort Adelaide,Tom Jonas
2020,Darcy B-Jones,Port Adelaide,2020Darcy B-JonesPort Adelaide,Darcy Byrne-Jones
2020,Sam P-Pepper,Port Adelaide,2020Sam P-PepperPort Adelaide,Sam Powell-Pepper
2020,Oliver Wines,Port Adelaide,2020Oliver WinesPort Adelaide,Ollie Wines
2020,Cameron Sutcliffe,Port Adelaide,2020Cameron SutcliffePort Adelaide,Cam Sutcliffe
2021,Thomas Jonas,Port Adelaide,2021Thomas JonasPort Adelaide,Tom Jonas
2021,Oliver Wines,Port Adelaide,2021Oliver WinesPort Adelaide,Ollie Wines
2021,Darcy B-Jones,Port Adelaide,2021Darcy B-JonesPort Adelaide,Darcy Byrne-Jones
2021,Lachlan Jones,Port Adelaide,2021Lachlan JonesPort Adelaide,Lachie Jones
2021,Sam P-Pepper,Port Adelaide,2021Sam P-PepperPort Adelaide,Sam Powell-Pepper
2013,Matthew Arnot,Richmond,2013Matthew ArnotRichmond,Matt Arnot
2013,Matthew Dea,Richmond,2013Matthew DeaRichmond,Matt Dea
2013,Benjamin Griffiths,Richmond,2013Benjamin GriffithsRichmond,Ben Griffiths
2013,Bradley Helbig,Richmond,2013Bradley HelbigRichmond,Brad Helbig
2013,Matthew Mcdonough,Richmond,2013Matthew McdonoughRichmond,Matt McDonough
2013,Tyrone Vickery,Richmond,2013Tyrone VickeryRichmond,Ty Vickery
2013,Matthew White,Richmond,2013Matthew WhiteRichmond,Matt White
2014,Matthew Arnot,Richmond,2014Matthew ArnotRichmond,Matt Arnot
2014,Matthew Dea,Richmond,2014Matthew DeaRichmond,Matt Dea
2014,Benjamin Griffiths,Richmond,2014Benjamin GriffithsRichmond,Ben Griffiths
2014,Matthew Mcdonough,Richmond,2014Matthew McdonoughRichmond,Matt McDonough
2014,Brett O'Hanlon,Richmond,2014Brett O'HanlonRichmond,Brett OHanlon
2014,Tyrone Vickery,Richmond,2014Tyrone VickeryRichmond,Ty Vickery
2015,Matthew Arnot,Richmond,2015Matthew ArnotRichmond,Matt Arnot
2015,Benjamin Griffiths,Richmond,2015Benjamin GriffithsRichmond,Ben Griffiths
2015,Liam Mcbean,Richmond,2015Liam McbeanRichmond,Liam McBean
2015,Matthew Mcdonough,Richmond,2015Matthew McdonoughRichmond,Matt McDonough
2015,Kamdyn Mcintosh,Richmond,2015Kamdyn McintoshRichmond,Kamdyn McIntosh
2015,Tyrone Vickery,Richmond,2015Tyrone VickeryRichmond,Ty Vickery
2016,Benjamin Griffiths,Richmond,2016Benjamin GriffithsRichmond,Ben Griffiths
2016,Liam Mcbean,Richmond,2016Liam McbeanRichmond,Liam McBean
2016,Kamdyn Mcintosh,Richmond,2016Kamdyn McintoshRichmond,Kamdyn McIntosh
2016,Tyrone Vickery,Richmond,2016Tyrone VickeryRichmond,Ty Vickery
2017,Daniel Butler,Richmond,2017Daniel ButlerRichmond,Dan Butler
2017,Benjamin Griffiths,Richmond,2017Benjamin GriffithsRichmond,Ben Griffiths
2017,Kamdyn Mcintosh,Richmond,2017Kamdyn McintoshRichmond,Kamdyn McIntosh
2018,Daniel Butler,Richmond,2018Daniel ButlerRichmond,Dan Butler
2018,Kamdyn Mcintosh,Richmond,2018Kamdyn McintoshRichmond,Kamdyn McIntosh
2019,Daniel Butler,Richmond,2019Daniel ButlerRichmond,Dan Butler
2019,Callum C-Jones,Richmond,2019Callum C-JonesRichmond,Callum Coleman-Jones
2019,Kamdyn Mcintosh,Richmond,2019Kamdyn McintoshRichmond,Kamdyn McIntosh
2019,Derek E-Smith,Richmond,2019Derek E-SmithRichmond,Derek Eggmolesse-Smith
2020,Tom Lynch,Richmond,2020Tom LynchRichmond,Tom J. Lynch
2020,Kamdyn Mcintosh,Richmond,2020Kamdyn McintoshRichmond,Kamdyn McIntosh
2020,Derek E-Smith,Richmond,2020Derek E-SmithRichmond,Derek Eggmolesse-Smith
2021,Tom Lynch,Richmond,2021Tom LynchRichmond,Tom J. Lynch
2021,Kamdyn Mcintosh,Richmond,2021Kamdyn McintoshRichmond,Kamdyn McIntosh
2021,Derek E-Smith,Richmond,2021Derek E-SmithRichmond,Derek Eggmolesse-Smith
2021,Riley C-Dawkins,Richmond,2021Riley C-DawkinsRichmond,Riley Collier-Dawkins
2021,Callum C-Jones,Richmond,2021Callum C-JonesRichmond,Callum Coleman-Jones
2013,Thomas Curren,St Kilda,2013Thomas CurrenSt Kilda,Tom Curren
2013,Trent D-Lane,St Kilda,2013Trent D-LaneSt Kilda,Trent Dennis-Lane
2013,Thomas Lee,St Kilda,2013Thomas LeeSt Kilda,Tom Lee
2014,Thomas Curren,St Kilda,2014Thomas CurrenSt Kilda,Tom Curren
2014,Trent D-Lane,St Kilda,2014Trent D-LaneSt Kilda,Trent Dennis-Lane
2014,Thomas Lee,St Kilda,2014Thomas LeeSt Kilda,Tom Lee
2015,Thomas Curren,St Kilda,2015Thomas CurrenSt Kilda,Tom Curren
2015,Patrick McCartin,St Kilda,2015Patrick McCartinSt Kilda,Paddy McCartin
2016,Thomas Lee,St Kilda,2016Thomas LeeSt Kilda,Tom Lee
2016,Patrick McCartin,St Kilda,2016Patrick McCartinSt Kilda,Paddy McCartin
2017,Patrick McCartin,St Kilda,2017Patrick McCartinSt Kilda,Paddy McCartin
2018,Nicholas Coffield,St Kilda,2018Nicholas CoffieldSt Kilda,Nick Coffield
2018,Patrick McCartin,St Kilda,2018Patrick McCartinSt Kilda,Paddy McCartin
2018,Edward Phillips,St Kilda,2018Edward PhillipsSt Kilda,Ed Phillips
2019,Nicholas Coffield,St Kilda,2019Nicholas CoffieldSt Kilda,Nick Coffield
2019,Edward Phillips,St Kilda,2019Edward PhillipsSt Kilda,Ed Phillips
2019,Robert Young,St Kilda,2019Robert YoungSt Kilda,Robbie Young
2019,Daniel Hannebery,St Kilda,2019Daniel HanneberySt Kilda,Dan Hannebery
2020,Patrick Ryder,St Kilda,2020Patrick RyderSt Kilda,Paddy Ryder
2020,Daniel Hannebery,St Kilda,2020Daniel HanneberySt Kilda,Dan Hannebery
2020,Daniel Butler,St Kilda,2020Daniel ButlerSt Kilda,Dan Butler
2020,Nicholas Coffield,St Kilda,2020Nicholas CoffieldSt Kilda,Nick Coffield
2020,Edward Phillips,St Kilda,2020Edward PhillipsSt Kilda,Ed Phillips
2021,Daniel Butler,St Kilda,2021Daniel ButlerSt Kilda,Dan Butler
2021,Nicholas Coffield,St Kilda,2021Nicholas CoffieldSt Kilda,Nick Coffield
2021,Patrick Ryder,St Kilda,2021Patrick RyderSt Kilda,Paddy Ryder
2021,Daniel Hannebery,St Kilda,2021Daniel HanneberySt Kilda,Dan Hannebery
2013,Daniel Hannebery,Sydney,2013Daniel HanneberySydney,Dan Hannebery
2013,Josh P. Kennedy,Sydney,2013Josh P. KennedySydney,Josh P. Kennedy
2013,Ryan O'Keefe,Sydney,2013Ryan O'KeefeSydney,Ryan OKeefe
2013,Lewis R-Thomson,Sydney,2013Lewis R-ThomsonSydney,Lewis Roberts-Thomson
2014,Daniel Hannebery,Sydney,2014Daniel HanneberySydney,Dan Hannebery
2014,Josh P. Kennedy,Sydney,2014Josh P. KennedySydney,Josh P. Kennedy
2014,Ryan O'Keefe,Sydney,2014Ryan O'KeefeSydney,Ryan OKeefe
2014,Lewis R-Thomson,Sydney,2014Lewis R-ThomsonSydney,Lewis Roberts-Thomson
2015,Daniel Hannebery,Sydney,2015Daniel HanneberySydney,Dan Hannebery
2015,Josh P. Kennedy,Sydney,2015Josh P. KennedySydney,Josh P. Kennedy
2015,Daniel Robinson,Sydney,2015Daniel RobinsonSydney,Dan Robinson
2016,Daniel Hannebery,Sydney,2016Daniel HanneberySydney,Dan Hannebery
2016,Josh P. Kennedy,Sydney,2016Josh P. KennedySydney,Josh P. Kennedy
2016,Daniel Robinson,Sydney,2016Daniel RobinsonSydney,Dan Robinson
2017,Daniel Hannebery,Sydney,2017Daniel HanneberySydney,Dan Hannebery
2017,Josh P. Kennedy,Sydney,2017Josh P. KennedySydney,Josh P. Kennedy
2017,Daniel Robinson,Sydney,2017Daniel RobinsonSydney,Dan Robinson
2018,Daniel Hannebery,Sydney,2018Daniel HanneberySydney,Dan Hannebery
2018,Josh P. Kennedy,Sydney,2018Josh P. KennedySydney,Josh P. Kennedy
2018,Colin O'Riordan,Sydney,2018Colin O'RiordanSydney,Colin ORiordan
2018,Daniel Robinson,Sydney,2018Daniel RobinsonSydney,Dan Robinson
2019,Josh P. Kennedy,Sydney,2019Josh P. KennedySydney,Josh P. Kennedy
2019,Justin Mcinerney,Sydney,2019Justin McinerneySydney,Justin McInerney
2019,Colin O'Riordan,Sydney,2019Colin O'RiordanSydney,Colin ORiordan
2020,Justin Mcinerney,Sydney,2020Justin McinerneySydney,Justin McInerney
2021,Justin Mcinerney,Sydney,2021Justin McinerneySydney,Justin McInerney
2013,Mitchell Brown,West Coast,2013Mitchell BrownWest Coast,Mitch Brown
2013,Joshua Kennedy,West Coast,2013Joshua KennedyWest Coast,Josh J. Kennedy
2013,Mark Lecras,West Coast,2013Mark LecrasWest Coast,Mark LeCras
2013,Eric MacKenzie,West Coast,2013Eric MacKenzieWest Coast,Eric Mackenzie
2013,Nicholas Naitanui,West Coast,2013Nicholas NaitanuiWest Coast,Nic Naitanui
2013,Matthew Priddis,West Coast,2013Matthew PriddisWest Coast,Matt Priddis
2013,Matthew Rosa,West Coast,2013Matthew RosaWest Coast,Matt Rosa
2013,Bradley Sheppard,West Coast,2013Bradley SheppardWest Coast,Brad Sheppard
2014,Mitchell Brown,West Coast,2014Mitchell BrownWest Coast,Mitch Brown
2014,Joshua Kennedy,West Coast,2014Joshua KennedyWest Coast,Josh J. Kennedy
2014,Mark Lecras,West Coast,2014Mark LecrasWest Coast,Mark LeCras
2014,Eric MacKenzie,West Coast,2014Eric MacKenzieWest Coast,Eric Mackenzie
2014,Nicholas Naitanui,West Coast,2014Nicholas NaitanuiWest Coast,Nic Naitanui
2014,Matthew Priddis,West Coast,2014Matthew PriddisWest Coast,Matt Priddis
2014,Matthew Rosa,West Coast,2014Matthew RosaWest Coast,Matt Rosa
2014,Dominic Sheed,West Coast,2014Dominic SheedWest Coast,Dom Sheed
2014,Bradley Sheppard,West Coast,2014Bradley SheppardWest Coast,Brad Sheppard
2015,Mitchell Brown,West Coast,2015Mitchell BrownWest Coast,Mitch Brown
2015,Joshua Kennedy,West Coast,2015Joshua KennedyWest Coast,Josh J. Kennedy
2015,Mark Lecras,West Coast,2015Mark LecrasWest Coast,Mark LeCras
2015,Nicholas Naitanui,West Coast,2015Nicholas NaitanuiWest Coast,Nic Naitanui
2015,Matthew Priddis,West Coast,2015Matthew PriddisWest Coast,Matt Priddis
2015,Matthew Rosa,West Coast,2015Matthew RosaWest Coast,Matt Rosa
2015,Dominic Sheed,West Coast,2015Dominic SheedWest Coast,Dom Sheed
2015,Bradley Sheppard,West Coast,2015Bradley SheppardWest Coast,Brad Sheppard
2016,Mitchell Brown,West Coast,2016Mitchell BrownWest Coast,Mitch Brown
2016,Joshua Kennedy,West Coast,2016Joshua KennedyWest Coast,Josh J. Kennedy
2016,Mark Lecras,West Coast,2016Mark LecrasWest Coast,Mark LeCras
2016,Eric MacKenzie,West Coast,2016Eric MacKenzieWest Coast,Eric Mackenzie
2016,Nicholas Naitanui,West Coast,2016Nicholas NaitanuiWest Coast,Nic Naitanui
2016,Matthew Priddis,West Coast,2016Matthew PriddisWest Coast,Matt Priddis
2016,Dominic Sheed,West Coast,2016Dominic SheedWest Coast,Dom Sheed
2016,Bradley Sheppard,West Coast,2016Bradley SheppardWest Coast,Brad Sheppard
2017,Joshua Kennedy,West Coast,2017Joshua KennedyWest Coast,Josh J. Kennedy
2017,Mark Lecras,West Coast,2017Mark LecrasWest Coast,Mark LeCras
2017,Eric MacKenzie,West Coast,2017Eric MacKenzieWest Coast,Eric Mackenzie
2017,Matthew Priddis,West Coast,2017Matthew PriddisWest Coast,Matt Priddis
2017,Dominic Sheed,West Coast,2017Dominic SheedWest Coast,Dom Sheed
2017,Bradley Sheppard,West Coast,2017Bradley SheppardWest Coast,Brad Sheppard
2018,Joshua Kennedy,West Coast,2018Joshua KennedyWest Coast,Josh J. Kennedy
2018,Mark Lecras,West Coast,2018Mark LecrasWest Coast,Mark LeCras
2018,Nicholas Naitanui,West Coast,2018Nicholas NaitanuiWest Coast,Nic Naitanui
2018,Dominic Sheed,West Coast,2018Dominic SheedWest Coast,Dom Sheed
2018,Bradley Sheppard,West Coast,2018Bradley SheppardWest Coast,Brad Sheppard
2019,Jarrod Cameron,West Coast,2019Jarrod CameronWest Coast,Jarrod Cameron
2019,Joshua Kennedy,West Coast,2019Joshua KennedyWest Coast,Josh J. Kennedy
2019,Dominic Sheed,West Coast,2019Dominic SheedWest Coast,Dom Sheed
2019,Bradley Sheppard,West Coast,2019Bradley SheppardWest Coast,Brad Sheppard
2019,Nicholas Naitanui,West Coast,2019Nicholas NaitanuiWest Coast,Nic Naitanui
2020,Joshua Kennedy,West Coast,2020Joshua KennedyWest Coast,Josh J. Kennedy
2020,Nicholas Naitanui,West Coast,2020Nicholas NaitanuiWest Coast,Nic Naitanui
2020,Bradley Sheppard,West Coast,2020Bradley SheppardWest Coast,Brad Sheppard
2020,Dominic Sheed,West Coast,2020Dominic SheedWest Coast,Dom Sheed
2020,Nic Reid,West Coast,2020Nic ReidWest Coast,Nicholas Reid
2020,Bailey Williams,West Coast,2020Bailey WilliamsWest Coast,Bailey J. Williams
2021,Joshua Kennedy,West Coast,2021Joshua KennedyWest Coast,Josh J. Kennedy
2021,Nicholas Naitanui,West Coast,2021Nicholas NaitanuiWest Coast,Nic Naitanui
2021,Bradley Sheppard,West Coast,2021Bradley SheppardWest Coast,Brad Sheppard
2021,Dominic Sheed,West Coast,2021Dominic SheedWest Coast,Dom Sheed
2021,Bailey Williams,West Coast,2021Bailey WilliamsWest Coast,Bailey J. Williams
2013,Lachlan Hunter,Western Bulldogs,2013Lachlan HunterWestern Bulldogs,Lachie Hunter
2013,Thomas Liberatore,Western Bulldogs,2013Thomas LiberatoreWestern Bulldogs,Tom Liberatore
2013,Jackson Macrae,Western Bulldogs,2013Jackson MacraeWestern Bulldogs,Jack Macrae
2013,Mitchell Wallis,Western Bulldogs,2013Mitchell WallisWestern Bulldogs,Mitch Wallis
2013,Thomas Young,Western Bulldogs,2013Thomas YoungWestern Bulldogs,Tom Young
2014,Lachlan Hunter,Western Bulldogs,2014Lachlan HunterWestern Bulldogs,Lachie Hunter
2014,Thomas Liberatore,Western Bulldogs,2014Thomas LiberatoreWestern Bulldogs,Tom Liberatore
2014,Jackson Macrae,Western Bulldogs,2014Jackson MacraeWestern Bulldogs,Jack Macrae
2014,Mitchell Wallis,Western Bulldogs,2014Mitchell WallisWestern Bulldogs,Mitch Wallis
2014,Thomas Young,Western Bulldogs,2014Thomas YoungWestern Bulldogs,Tom Young
2015,Thomas Boyd,Western Bulldogs,2015Thomas BoydWestern Bulldogs,Tom Boyd
2015,Lachlan Hunter,Western Bulldogs,2015Lachlan HunterWestern Bulldogs,Lachie Hunter
2015,Jackson Macrae,Western Bulldogs,2015Jackson MacraeWestern Bulldogs,Jack Macrae
2015,Joshua Prudden,Western Bulldogs,2015Joshua PruddenWestern Bulldogs,Josh Prudden
2015,Mitchell Wallis,Western Bulldogs,2015Mitchell WallisWestern Bulldogs,Mitch Wallis
2016,Thomas Boyd,Western Bulldogs,2016Thomas BoydWestern Bulldogs,Tom Boyd
2016,Lachlan Hunter,Western Bulldogs,2016Lachlan HunterWestern Bulldogs,Lachie Hunter
2016,Thomas Liberatore,Western Bulldogs,2016Thomas LiberatoreWestern Bulldogs,Tom Liberatore
2016,Jackson Macrae,Western Bulldogs,2016Jackson MacraeWestern Bulldogs,Jack Macrae
2016,Matthew Suckling,Western Bulldogs,2016Matthew SucklingWestern Bulldogs,Matt Suckling
2016,Mitchell Wallis,Western Bulldogs,2016Mitchell WallisWestern Bulldogs,Mitch Wallis
2017,Thomas Boyd,Western Bulldogs,2017Thomas BoydWestern Bulldogs,Tom Boyd
2017,Timothy English,Western Bulldogs,2017Timothy EnglishWestern Bulldogs,Tim English
2017,Lachlan Hunter,Western Bulldogs,2017Lachlan HunterWestern Bulldogs,Lachie Hunter
2017,Thomas Liberatore,Western Bulldogs,2017Thomas LiberatoreWestern Bulldogs,Tom Liberatore
2017,Jackson Macrae,Western Bulldogs,2017Jackson MacraeWestern Bulldogs,Jack Macrae
2017,Matthew Suckling,Western Bulldogs,2017Matthew SucklingWestern Bulldogs,Matt Suckling
2017,Mitchell Wallis,Western Bulldogs,2017Mitchell WallisWestern Bulldogs,Mitch Wallis
2018,Thomas Boyd,Western Bulldogs,2018Thomas BoydWestern Bulldogs,Tom Boyd
2018,Timothy English,Western Bulldogs,2018Timothy EnglishWestern Bulldogs,Tim English
2018,Lachlan Hunter,Western Bulldogs,2018Lachlan HunterWestern Bulldogs,Lachie Hunter
2018,Thomas Liberatore,Western Bulldogs,2018Thomas LiberatoreWestern Bulldogs,Tom Liberatore
2018,Bradley Lynch,Western Bulldogs,2018Bradley LynchWestern Bulldogs,Brad Lynch
2018,Jackson Macrae,Western Bulldogs,2018Jackson MacraeWestern Bulldogs,Jack Macrae
2018,Matthew Suckling,Western Bulldogs,2018Matthew SucklingWestern Bulldogs,Matt Suckling
2018,Mitchell Wallis,Western Bulldogs,2018Mitchell WallisWestern Bulldogs,Mitch Wallis
2019,Timothy English,Western Bulldogs,2019Timothy EnglishWestern Bulldogs,Tim English
2019,Lachlan Hunter,Western Bulldogs,2019Lachlan HunterWestern Bulldogs,Lachie Hunter
2019,Thomas Liberatore,Western Bulldogs,2019Thomas LiberatoreWestern Bulldogs,Tom Liberatore
2019,Jackson Macrae,Western Bulldogs,2019Jackson MacraeWestern Bulldogs,Jack Macrae
2019,Matthew Suckling,Western Bulldogs,2019Matthew SucklingWestern Bulldogs,Matt Suckling
2019,Mitchell Wallis,Western Bulldogs,2019Mitchell WallisWestern Bulldogs,Mitch Wallis
2020,Mitchell Wallis,Western Bulldogs,2020Mitchell WallisWestern Bulldogs,Mitch Wallis
2020,Jackson Macrae,Western Bulldogs,2020Jackson MacraeWestern Bulldogs,Jack Macrae
2020,Lachlan Hunter,Western Bulldogs,2020Lachlan HunterWestern Bulldogs,Lachie Hunter
2020,Timothy English,Western Bulldogs,2020Timothy EnglishWestern Bulldogs,Tim English
2020,Thomas Liberatore,Western Bulldogs,2020Thomas LiberatoreWestern Bulldogs,Tom Liberatore
2021,Thomas Liberatore,Western Bulldogs,2021Thomas LiberatoreWestern Bulldogs,Tom Liberatore
2021,Mitchell Wallis,Western Bulldogs,2021Mitchell WallisWestern Bulldogs,Mitch Wallis
2021,Jackson Macrae,Western Bulldogs,2021Jackson MacraeWestern Bulldogs,Jack Macrae
2021,Lachlan Hunter,Western Bulldogs,2021Lachlan HunterWestern Bulldogs,Lachie Hunter
2021,Timothy English,Western Bulldogs,2021Timothy EnglishWestern Bulldogs,Tim English
2021,Mitchell Hannan,Western Bulldogs,2021Mitchell HannanWestern Bulldogs,Mitch Hannan
2021,Jamarra U-Hagan,Western Bulldogs,2021Jamarra U-HaganWestern Bulldogs,Jamarra Ugle-Hagan
